{"chunk_definitions":[{"row":30,"row_count":1,"visible":true,"expansion_state":0,"options":{"engine":"r","label":"setup","include":false},"document_id":"D7315ECB","chunk_id":"csetup_chunk","chunk_label":"setup"},{"row":43,"row_count":1,"visible":true,"expansion_state":0,"options":{"engine":"r","label":"unnamed-chunk-77"},"document_id":"D7315ECB","chunk_id":"cfmcpnptk71es","chunk_label":"unnamed-chunk-1"},{"row":49,"row_count":1,"visible":true,"expansion_state":0,"options":{"engine":"r","label":"unnamed-chunk-78"},"document_id":"D7315ECB","chunk_id":"cyiaz4ic4k27p","chunk_label":"unnamed-chunk-2"},{"row":108,"row_count":1,"visible":true,"expansion_state":0,"options":{"engine":"r","label":"unnamed-chunk-79"},"document_id":"D7315ECB","chunk_id":"c12epwq1mcqm0","chunk_label":"unnamed-chunk-3"},{"row":115,"row_count":1,"visible":true,"expansion_state":0,"options":{"engine":"r","label":"unnamed-chunk-80"},"document_id":"D7315ECB","chunk_id":"c7259e4cazic6","chunk_label":"unnamed-chunk-4"},{"row":127,"row_count":1,"visible":true,"expansion_state":0,"options":{"engine":"r","label":"unnamed-chunk-81"},"document_id":"D7315ECB","chunk_id":"cuh9u2t75txu5","chunk_label":"unnamed-chunk-5"},{"row":136,"row_count":1,"visible":true,"expansion_state":0,"options":{"engine":"r","label":"unnamed-chunk-82"},"document_id":"D7315ECB","chunk_id":"cvsbqgazkyupr","chunk_label":"unnamed-chunk-6"},{"row":145,"row_count":1,"visible":true,"expansion_state":0,"options":{"engine":"r","label":"unnamed-chunk-83"},"document_id":"D7315ECB","chunk_id":"cr4xe1grv1hm8","chunk_label":"unnamed-chunk-7"},{"row":205,"row_count":1,"visible":true,"expansion_state":0,"options":{"engine":"r","label":"unnamed-chunk-84"},"document_id":"D7315ECB","chunk_id":"c1kpcgueiq5o4","chunk_label":"unnamed-chunk-8"},{"row":234,"row_count":1,"visible":true,"expansion_state":0,"options":{"engine":"r","label":"unnamed-chunk-85"},"document_id":"D7315ECB","chunk_id":"c3b2psj1zxs8w","chunk_label":"unnamed-chunk-9"},{"row":267,"row_count":1,"visible":true,"expansion_state":0,"options":{"engine":"r","label":"unnamed-chunk-86"},"document_id":"D7315ECB","chunk_id":"czh3lq8v9i6ne","chunk_label":"unnamed-chunk-10"},{"row":342,"row_count":1,"visible":true,"expansion_state":0,"options":{"engine":"r","label":"unnamed-chunk-87"},"document_id":"D7315ECB","chunk_id":"cqxcgapfsomq9","chunk_label":"unnamed-chunk-11"},{"row":350,"row_count":1,"visible":true,"expansion_state":0,"options":{"engine":"r","eval":true,"echo":false,"warning":false,"message":false,"label":"unnamed-chunk-88"},"document_id":"D7315ECB","chunk_id":"cmiwk78gcdi57","chunk_label":"unnamed-chunk-12"},{"row":359,"row_count":1,"visible":true,"expansion_state":0,"options":{"engine":"r","label":"unnamed-chunk-67"},"document_id":"D7315ECB","chunk_id":"c9puzsniv2kon","chunk_label":"unnamed-chunk-13"},{"row":366,"row_count":1,"visible":true,"expansion_state":0,"options":{"engine":"r","label":"unnamed-chunk-68"},"document_id":"D7315ECB","chunk_id":"ce9qahy0fwpyt","chunk_label":"unnamed-chunk-14"},{"row":387,"row_count":1,"visible":true,"expansion_state":0,"options":{"engine":"R","label":"unnamed-chunk-74"},"document_id":"D7315ECB","chunk_id":"cqyscervf1owu","chunk_label":"unnamed-chunk-16"},{"row":395,"row_count":1,"visible":true,"expansion_state":0,"options":{"engine":"r","label":"unnamed-chunk-75"},"document_id":"D7315ECB","chunk_id":"chr6cdkf128pm","chunk_label":"unnamed-chunk-17"},{"row":402,"row_count":1,"visible":true,"expansion_state":0,"options":{"engine":"r","label":"unnamed-chunk-76"},"document_id":"D7315ECB","chunk_id":"cx325hjeohb5a","chunk_label":"unnamed-chunk-18"}],"doc_write_time":1692105009,"working_dir":null,"default_chunk_options":{"echo":true,"warning":false,"message":false,"eval":true}}