"0","MicroSim <- function(n_i, df_X, Trt = ""Standard of care"", seed = 1, cl = 1) {"
"0","  # Arguments:  "
"0","    # n_i : number of individuals"
"0","    # df_X: data frame with individual characteristics data "
"0","    # Trt : treatment"
"0","    # seed: seed for the random number generator, default is 1"
"0","    # cl  : cycle length"
"0","  # Returns:"
"0","    # results: data frame with total cost and QALYs"
"0","  "
"0","  set.seed(seed) # set a seed to be able to reproduce the same results"
"0","  "
"0","  # create three matrices called m_M, m_C and m_E"
"0","  # number of rows is equal to the n_i, the number of columns is equal to n_cycles  "
"0","  # (the initial state and all the n_cycles cycles)"
"0","  # m_M is used to store the health state information over time for every individual"
"0","  # m_C is used to store the costs information over time for every individual"
"0","  # m_E is used to store the effects information over time for every individual"
"0","  "
"0","  m_M <- m_C <- m_E <-  matrix(nrow = n_i, ncol = n_cycles + 1, "
"0","                               dimnames = list(paste(""ind""  , 1:n_i, sep = "" ""), "
"0","                                               paste(""cycle"", 0:n_cycles, sep = "" "")))  "
"0",""
"0","    m_M[, 1] <- as.character(df_X$M_init)        # initial health state at cycle 0 for individual i"
"0","    m_C[, 1] <- Costs(m_M[, 1], Trt = Trt)       # calculate costs per individual during cycle 0    "
"0","    m_E[, 1] <- Effs (m_M[, 1], df_X, Trt = Trt, cl = cl) # calculate QALYs per individual during cycle 0"
"0","    "
"0","    # open a loop for time running cycles 1 to n_cycles "
"0","    for (t in 1:n_cycles) {"
"0","      # calculate the transition probabilities for the cycle based on  health state t"
"0","      m_P <- Probs(m_M[, t], df_X, Trt = Trt)             "
"0","      # check if transition probabilities are between 0 and 1"
"0","      check_transition_probability(m_P, verbose = TRUE)"
"0","      # check if checks if each of the rows of the transition probabilities matrix sum to one"
"0","      ## NOTE: to make this function work n_states = n_i in a Microsimulation"
"0","      check_sum_of_transition_array(m_P, n_rows = n_i, n_cycles = n_cycles, verbose = TRUE) ##"
"0","      # sample the current health state and store that state in matrix m_M "
"0","      m_M[, t + 1]  <- samplev(m_P, 1)                  "
"0","      # calculate costs per individual during cycle t + 1"
"0","      m_C[, t + 1]  <- Costs(m_M[, t + 1], Trt)         "
"0","      # calculate QALYs per individual during cycle t + 1"
"0","      m_E[, t + 1]  <- Effs(m_M[, t + 1], df_X, Trt, cl = cl)    "
"0","      "
"0","      # update time since illness onset for t + 1 "
"0","      df_X$n_cycles_s <- if_else(m_M[, t + 1] == ""S1"", df_X$n_cycles_s + 1, 0) "
"0","      # update the age of individuals that are alive"
"0","      df_X$Age[m_M[, t + 1] != ""D""]  <- df_X$Age[m_M[, t + 1] != ""D""] + 1"
"0","    "
"0","      # Display simulation progress"
"0","      if(t/(n_cycles/10) == round(t/(n_cycles/10), 0)) { # display progress every 10%"
"0","        cat('\r', paste(t/n_cycles * 100, ""% done"", sep = "" ""))"
"0","      }"
"0","      "
"0","    } # close the loop for the time points "
"0","  "
"0","  # calculate  "
"0","  tc <- m_C %*% v_dwc  # total (discounted) cost per individual"
"0","  te <- m_E %*% v_dwe  # total (discounted) QALYs per individual "
"0","  tc_hat <- mean(tc)   # average (discounted) cost "
"0","  te_hat <- mean(te)   # average (discounted) QALY "
"0","  # store the results from the simulation in a list"
"0","  results <- list(m_M = m_M, m_C = m_C, m_E = m_E, tc = tc , te = te, tc_hat = tc_hat, "
"0","                  te_hat = te_hat)   "
"0","  "
"0","  return(results)  # return the results"
"0",""
"0","} # end of the MicroSim function  "
"0",""
"0","# By specifying all the arguments in the `MicroSim()` the simulation can be started"
"0","# In this example the outcomes are of the simulation are stored in the variables `outcomes_SoC` and `outcomes_trtAB`."
