"0","Probs <- function(M_t, df_X, Trt = ""Standard of care"") { "
"0","  # Arguments:"
"0","    # M_t:  health state occupied by individual i at cycle t (character variable)"
"0","    # df_X: data frame with individual characteristics data "
"0","    # Trt:  treatment"
"0","  # Returns: "
"0","    # transition probabilities for that cycle"
"0","  "
"0","  # Treatment specific transition probabilities"
"0","  if (Trt == ""Standard of care"") {"
"0","    p_S1S2 <- p_S1S2_SoC"
"0","  } else if (Trt == ""Strategy AB"") {"
"0","    p_S1S2 <- p_S1S2_trtAB"
"0","  }"
"0","  "
"0","  # create matrix of state transition probabilities  "
"0","  m_p_t           <- matrix(data = 0, nrow = n_states, ncol = n_i) "
"0","  rownames(m_p_t) <-  v_names_states  # give the state names to the rows"
"0","  "
"0","  # lookup baseline probability and rate of dying based on individual characteristics age"
"0","  p_HD_all <- inner_join(x = df_X, y = p_mort, by = c(""Age""))"
"0","  p_HD     <- p_HD_all[M_t == ""H"", ""p_HD""]"
"0","  "
"0","  # update the m_p with the appropriate probabilities   "
"0","  # (all non-death probabilities are conditional on survival) "
"0","  # transition probabilities when Healthy "
"0","  m_p_t[""H"",  M_t == ""H""]  <- (1 - p_HD)  * (1 - p_HS1)"
"0","  m_p_t[""S1"", M_t == ""H""]  <- (1 - p_HD)  *      p_HS1 "
"0","  m_p_t[""S2"", M_t == ""H""]  <-                        0"
"0","  m_p_t[""D"",  M_t == ""H""]  <-      p_HD              "
"0","  "
"0","  # transition probabilities when Sick "
"0","  m_p_t[""H"",  M_t == ""S1""] <- (1 - p_S1D[df_X$n_cycles_s]) *      p_S1H "
"0","  m_p_t[""S1"", M_t == ""S1""] <- (1 - p_S1D[df_X$n_cycles_s]) * (1 - p_S1H - p_S1S2)"
"0","  m_p_t[""S2"", M_t == ""S1""] <- (1 - p_S1D[df_X$n_cycles_s]) *              p_S1S2"
"0","  m_p_t[""D"",  M_t == ""S1""] <-      p_S1D[df_X$n_cycles_s]    "
"0","  "
"0","  # transition probabilities when Sicker"
"0","  m_p_t[""H"",  M_t == ""S2""] <-  0"
"0","  m_p_t[""S1"", M_t == ""S2""] <-  0"
"0","  m_p_t[""S2"", M_t == ""S2""] <-  1 - p_S2D"
"0","  m_p_t[""D"",  M_t == ""S2""] <-      p_S2D "
"0"," "
"0","  # transition probabilities when Dead"
"0","  m_p_t[""H"",  M_t == ""D""]  <- 0"
"0","  m_p_t[""S1"", M_t == ""D""]  <- 0"
"0","  m_p_t[""S2"", M_t == ""D""]  <- 0 "
"0","  m_p_t[""D"",  M_t == ""D""]  <- 1  "
"0","  "
"0","  return(t(m_p_t))"
"0","}       "
