"0","Costs <- function (M_t, Trt = ""Standard of care"") {"
"0","  # Arguments:"
"0","    # M_t: health state occupied by individual i at cycle t (character variable)"
"0","    # Trt: Treatment "
"0","  # Returns:"
"0","    # costs accrued in this cycle"
"0","  "
"0","  # Treatment specific costs"
"0","  if (Trt == ""Standard of care"") {"
"0","    c_Trt <- 0"
"0","  } else if (Trt == ""Strategy AB"") {"
"0","    c_Trt <- c_trtAB"
"0","  }"
"0","  "
"0","  c_t <- c()                        # initiate the cost parameter"
"0","  c_t[M_t == ""H""]  <- c_H           # update the cost if healthy"
"0","  c_t[M_t == ""S1""] <- c_S1 + c_Trt  # update the cost if sick conditional on treatment"
"0","  c_t[M_t == ""S2""] <- c_S2 + c_Trt  # update the cost if sicker conditional on treatment"
"0","  c_t[M_t == ""D""]  <- c_D           # update the cost if dead"
"0","  "
"0","  return(c_t)   # return costs accrued this cycle "
"0","}"
