"0","if (!require('pacman')) install.packages('pacman'); library(pacman) "
"0","# load (install if required) packages from CRAN"
"0","p_load(""devtools"", ""dplyr"", ""scales"", ""ellipse"", ""ggplot2"", ""lazyeval"", ""igraph"", ""truncnorm"", ""ggraph"", ""reshape2"", ""knitr"", ""markdown"", ""stringr"", ""dampack"")"
"0","# load (install if required) packages from GitHub"
"0","# install_github(""DARTH-git/darthtools"", force = TRUE) # Uncomment if there is a newer version"
"0","p_load_gh(""DARTH-git/darthtools"")"
