"0","Effs <- function (M_t, df_X, Trt = ""Standard of care"", cl = 1) {"
"0","  # Arguments:"
"0","    # M_t: health state occupied by individual i at cycle t (character variable)"
"0","    # df_X: data frame with individual characteristics data "
"0","    # Trt:  Treatment"
"0","    # cl:   cycle length (default is 1)"
"0","  # Returns:"
"0","    # QALYs accrued this cycle"
"0","  "
"0","  u_t <- c()                        # initialize the utility parameter"
"0","  u_t[M_t == ""H""]    <- u_H         # update the utility if healthy"
"0","  "
"0","  "
"0","  if (Trt == ""Standard of care"") {  # update the utility if sick under standard of care"
"0","    u_t[M_t == ""S1""] <- u_S1"
"0","  } else if (Trt == ""Strategy AB"") {"
"0","  # update the utility if sick but on treatment AB (adjust for individual effect modifier) "
"0","    u_t[M_t == ""S1""] <- u_trtAB * df_X$x[M_t == ""S1""]  "
"0","  }"
"0","  "
"0","  u_t[M_t == ""S2""]   <- u_S2        # update the utility if sicker"
"0","  u_t[M_t == ""D""]    <- u_D         # update the utility if dead"
"0","  "
"0","  QALYs <- u_t * cl  # calculate the QALYs during cycle t"
"0","  return(QALYs)      # return the QALYs accrued this cycle"
"0","}"
