"0","## General setup "
"0","set.seed(1)               # set the seed  "
"0","cycle_length   <- 1       # cycle length equal to one year (use 1/12 for monthly)"
"0","n_cycles       <- 30      # time horizon, number of cycles"
"0","n_i            <- 100000  # number of individuals"
"0",""
"0","# the 4 health states of the model:"
"0","v_names_states  <- c(""H"",  # Healthy (H)"
"0","                     ""S1"", # Sick (S1)"
"0","                     ""S2"", # Sicker (S2)"
"0","                     ""D"")  # Dead (D)"
"0","v_names_cycles  <- paste(""cycle"", 0:n_cycles)    # cycle names"
"0","n_states        <- length(v_names_states)        # number of health states                   "
"0",""
"0",""
"0","### Discounting factors "
"0","d_c <- 0.03 # annual discount rate for costs "
"0","d_e <- 0.03 # annual discount rate for QALYs"
"0",""
"0","### Strategies "
"0","v_names_str   <- c(""Standard of care"",   # store the strategy names"
"0","                  ""Strategy AB"") "
"0","n_str         <- length(v_names_str)     # number of strategies"
"0",""
"0","### Transition probabilities "
"0","# (all non-probabilities are conditional on survival)"
"0","p_HS1         <- 0.15     # probability of becoming sick when healthy"
"0","p_S1H         <- 0.5      # probability of recovering to healthy when sick"
"0","p_S1S2_SoC    <- 0.105    # probability of becoming sicker when sick under standard of care"
"0","p_S1S2_trtAB  <- 0.05     # probability of becoming sicker when sick under treatment AB"
"0",""
"0","# Annual probabilities of death"
"0","# load age dependent probability"
"0","p_mort   <- read.csv(""mortProb_age.csv"")"
"0","# load age distribution"
"0","dist_Age <- read.csv(""MyPopulation-AgeDistribution.csv"") "
"0",""
"0","# probability to die in S1 by cycle (is increasing)"
"0","p_S1D    <- c(0.0149, 0.018, 0.021, 0.026, 0.031, rep(0.037, n_cycles - 5)) "
"0","p_S2D    <- 0.048   # probability to die in S2"
"0",""
"0","### State rewards "
"0","#### Costs "
"0","c_H     <- 2000  # annual cost of being Healthy"
"0","c_S1    <- 4000  # annual cost of being Sick"
"0","c_S2    <- 15000 # annual cost of being Sicker"
"0","c_D     <- 0     # annual cost of being dead"
"0","c_trtAB <- 25000 # annual cost of receiving treatment AB when in Sick"
"0","#### Utilities "
"0","u_H     <- 1     # annual utility of being Healthy"
"0","u_S1    <- 0.75  # annual utility of being Sick"
"0","u_S2    <- 0.5   # annual utility of being Sicker"
"0","u_D     <- 0     # annual utility of being dead"
"0","u_trtAB <- 0.95  # annual utility when receiving treatment AB when in Sick"
